DATE,DTB1YR
2008-06-03,2.08
2008-06-04,2.08
2008-06-05,2.09
2008-06-06,2.06
2008-06-09,2.22
2008-06-10,2.44
2008-06-11,2.39
2008-06-12,2.53
2008-06-13,2.54
2008-06-16,2.58
2008-06-17,2.49
2008-06-18,2.44
2008-06-19,2.48
2008-06-20,2.40
2008-06-23,2.47
2008-06-24,2.43
2008-06-25,2.38
2008-06-26,2.30
2008-06-27,2.26
2008-06-30,2.27
2008-07-01,2.31
2008-07-02,2.28
2008-07-03,2.23
2008-07-04,.
2008-07-07,2.19
2008-07-08,2.19
2008-07-09,2.14
2008-07-10,2.13
2008-07-11,2.22
2008-07-14,2.16
2008-07-15,2.08
2008-07-16,2.09
2008-07-17,2.18
2008-07-18,2.18
2008-07-21,2.21
2008-07-22,2.24
2008-07-23,2.29
2008-07-24,2.17
2008-07-25,2.24
2008-07-28,2.19
2008-07-29,2.29
2008-07-30,2.26
2008-07-31,2.20
2008-08-01,2.18
2008-08-04,2.20
2008-08-05,2.19
2008-08-06,2.19
2008-08-07,2.10
2008-08-08,2.12
2008-08-11,2.19
2008-08-12,2.11
2008-08-13,2.11
2008-08-14,2.07
2008-08-15,2.05
2008-08-18,2.08
2008-08-19,2.04
2008-08-20,1.99
2008-08-21,2.03
2008-08-22,2.09
2008-08-25,2.05
2008-08-26,2.13
2008-08-27,2.10
2008-08-28,2.12
2008-08-29,2.11
2008-09-01,.
2008-09-02,2.06
2008-09-03,2.02
2008-09-04,1.98
2008-09-05,2.01
2008-09-08,2.05
2008-09-09,2.00
2008-09-10,2.00
2008-09-11,1.95
2008-09-12,1.96
2008-09-15,1.61
2008-09-16,1.67
2008-09-17,1.46
2008-09-18,1.48
2008-09-19,1.98
2008-09-22,1.99
2008-09-23,1.95
2008-09-24,1.85
2008-09-25,1.91
2008-09-26,1.76
2008-09-29,1.56
2008-09-30,1.73
2008-10-01,1.67
2008-10-02,1.41
2008-10-03,1.37
2008-10-06,1.20
2008-10-07,1.23
2008-10-08,1.24
2008-10-09,1.29
2008-10-10,1.03
2008-10-13,.
2008-10-14,1.16
2008-10-15,1.09
2008-10-16,1.24
2008-10-17,1.29
2008-10-20,1.65
2008-10-21,1.69
2008-10-22,1.60
2008-10-23,1.57
2008-10-24,1.56
2008-10-27,1.53
2008-10-28,1.49
2008-10-29,1.37
2008-10-30,1.32
2008-10-31,1.30
2008-11-03,1.27
2008-11-04,1.25
2008-11-05,1.19
2008-11-06,1.14
2008-11-07,1.16
2008-11-10,1.13
2008-11-11,.
2008-11-12,1.00
2008-11-13,1.13
2008-11-14,1.11
2008-11-17,1.05
2008-11-18,1.03
2008-11-19,0.95
2008-11-20,0.85
2008-11-21,0.81
2008-11-24,0.92
2008-11-25,0.93
2008-11-26,0.91
2008-11-27,.
2008-11-28,0.88
2008-12-01,0.79
2008-12-02,0.75
2008-12-03,0.68
2008-12-04,0.59
2008-12-05,0.51
2008-12-08,0.50
2008-12-09,0.46
2008-12-10,0.46
2008-12-11,0.48
2008-12-12,0.47
2008-12-15,0.47
2008-12-16,0.44
2008-12-17,0.44
2008-12-18,0.42
2008-12-19,0.43
2008-12-22,0.39
2008-12-23,0.40
2008-12-24,0.38
2008-12-25,.
2008-12-26,0.36
2008-12-29,0.34
2008-12-30,0.32
2008-12-31,0.35
2009-01-01,.
2009-01-02,0.38
2009-01-05,0.41
2009-01-06,0.42
2009-01-07,0.41
2009-01-08,0.41
2009-01-09,0.40
2009-01-12,0.40
2009-01-13,0.42
2009-01-14,0.41
2009-01-15,0.41
2009-01-16,0.42
2009-01-19,.
2009-01-20,0.41
2009-01-21,0.42
2009-01-22,0.41
2009-01-23,0.44
2009-01-26,0.45
2009-01-27,0.45
2009-01-28,0.46
2009-01-29,0.48
2009-01-30,0.48
2009-02-02,0.48
2009-02-03,0.50
2009-02-04,0.50
2009-02-05,0.51
2009-02-06,0.53
2009-02-09,0.56
2009-02-10,0.59
2009-02-11,0.59
2009-02-12,0.57
2009-02-13,0.60
2009-02-16,.
2009-02-17,0.59
2009-02-18,0.62
2009-02-19,0.65
2009-02-20,0.62
2009-02-23,0.67
2009-02-24,0.69
2009-02-25,0.72
2009-02-26,0.70
2009-02-27,0.69
2009-03-02,0.64
2009-03-03,0.65
2009-03-04,0.67
2009-03-05,0.63
2009-03-06,0.63
2009-03-09,0.66
2009-03-10,0.70
2009-03-11,0.70
2009-03-12,0.69
2009-03-13,0.66
2009-03-16,0.67
2009-03-17,0.67
2009-03-18,0.58
2009-03-19,0.58
2009-03-20,0.58
2009-03-23,0.58
2009-03-24,0.60
2009-03-25,0.58
2009-03-26,0.55
2009-03-27,0.56
2009-03-30,0.56
2009-03-31,0.55
2009-04-01,0.55
2009-04-02,0.56
2009-04-03,0.57
2009-04-06,0.56
2009-04-07,0.59
2009-04-08,0.58
2009-04-09,0.59
2009-04-10,.
2009-04-13,0.56
2009-04-14,0.53
2009-04-15,0.52
2009-04-16,0.52
2009-04-17,0.55
2009-04-20,0.52
2009-04-21,0.51
2009-04-22,0.49
2009-04-23,0.46
2009-04-24,0.47
2009-04-27,0.46
2009-04-28,0.49
2009-04-29,0.47
2009-04-30,0.46
2009-05-01,0.46
2009-05-04,0.48
2009-05-05,0.52
2009-05-06,0.50
2009-05-07,0.53
2009-05-08,0.54
2009-05-11,0.51
2009-05-12,0.52
2009-05-13,0.50
2009-05-14,0.48
2009-05-15,0.48
2009-05-18,0.48
2009-05-19,0.46
2009-05-20,0.42
2009-05-21,0.43
2009-05-22,0.46
2009-05-25,.
2009-05-26,0.47
2009-05-27,0.46
2009-05-28,0.45
2009-05-29,0.44
2009-06-01,0.44
2009-06-02,0.45
2009-06-03,0.44
2009-06-04,0.46
2009-06-05,0.61
2009-06-08,0.60
2009-06-09,0.54
2009-06-10,0.53
2009-06-11,0.51
2009-06-12,0.50
2009-06-15,0.48
2009-06-16,0.48
2009-06-17,0.47
2009-06-18,0.49
2009-06-19,0.48
2009-06-22,0.46
2009-06-23,0.46
2009-06-24,0.46
2009-06-25,0.43
2009-06-26,0.41
2009-06-29,0.46
2009-06-30,0.55
2009-07-01,0.53
2009-07-02,0.48
2009-07-03,.
2009-07-06,0.47
2009-07-07,0.45
2009-07-08,0.43
2009-07-09,0.45
2009-07-10,0.43
2009-07-13,0.45
2009-07-14,0.45
2009-07-15,0.47
2009-07-16,0.44
2009-07-17,0.45
2009-07-20,0.44
2009-07-21,0.43
2009-07-22,0.43
2009-07-23,0.45
2009-07-24,0.43
2009-07-27,0.44
2009-07-28,0.48
2009-07-29,0.49
2009-07-30,0.47
2009-07-31,0.47
2009-08-03,0.47
2009-08-04,0.45
2009-08-05,0.47
2009-08-06,0.46
2009-08-07,0.50
2009-08-10,0.47
2009-08-11,0.46
2009-08-12,0.44
2009-08-13,0.42
2009-08-14,0.41
2009-08-17,0.42
2009-08-18,0.40
2009-08-19,0.40
2009-08-20,0.39
2009-08-21,0.41
2009-08-24,0.40
2009-08-25,0.46
2009-08-26,0.44
2009-08-27,0.45
2009-08-28,0.43
2009-08-31,0.42
2009-09-01,0.42
2009-09-02,0.39
2009-09-03,0.40
2009-09-04,0.40
2009-09-07,.
2009-09-08,0.39
2009-09-09,0.38
2009-09-10,0.37
2009-09-11,0.36
2009-09-14,0.37
2009-09-15,0.36
2009-09-16,0.35
2009-09-17,0.37
2009-09-18,0.37
2009-09-21,0.36
2009-09-22,0.41
2009-09-23,0.40
2009-09-24,0.38
2009-09-25,0.40
2009-09-28,0.39
2009-09-29,0.39
2009-09-30,0.38
2009-10-01,0.35
2009-10-02,0.35
2009-10-05,0.34
2009-10-06,0.35
2009-10-07,0.32
2009-10-08,0.33
2009-10-09,0.35
2009-10-12,.
2009-10-13,0.32
2009-10-14,0.32
2009-10-15,0.32
2009-10-16,0.33
2009-10-19,0.34
2009-10-20,0.38
2009-10-21,0.39
2009-10-22,0.37
2009-10-23,0.39
2009-10-26,0.40
2009-10-27,0.38
2009-10-28,0.37
2009-10-29,0.38
2009-10-30,0.35
2009-11-02,0.36
2009-11-03,0.36
2009-11-04,0.33
2009-11-05,0.33
2009-11-06,0.31
2009-11-09,0.31
2009-11-10,0.30
2009-11-11,.
2009-11-12,0.29
2009-11-13,0.29
2009-11-16,0.28
2009-11-17,0.32
2009-11-18,0.29
2009-11-19,0.26
2009-11-20,0.26
2009-11-23,0.28
2009-11-24,0.27
2009-11-25,0.25
2009-11-26,.
2009-11-27,0.25
2009-11-30,0.25
2009-12-01,0.24
2009-12-02,0.26
2009-12-03,0.28
2009-12-04,0.33
2009-12-07,0.29
2009-12-08,0.26
2009-12-09,0.28
2009-12-10,0.29
2009-12-11,0.32
2009-12-14,0.33
2009-12-15,0.40
2009-12-16,0.37
2009-12-17,0.34
2009-12-18,0.35
2009-12-21,0.39
2009-12-22,0.39
2009-12-23,0.39
2009-12-24,0.41
2009-12-25,.
2009-12-28,0.44
2009-12-29,0.44
2009-12-30,0.42
2009-12-31,0.44
2010-01-01,.
2010-01-04,0.41
2010-01-05,0.37
2010-01-06,0.36
2010-01-07,0.36
2010-01-08,0.33
2010-01-11,0.30
2010-01-12,0.34
2010-01-13,0.36
2010-01-14,0.33
2010-01-15,0.32
2010-01-18,.
2010-01-19,0.32
2010-01-20,0.30
2010-01-21,0.30
2010-01-22,0.28
2010-01-25,0.28
2010-01-26,0.30
2010-01-27,0.31
2010-01-28,0.29
2010-01-29,0.28
2010-02-01,0.30
2010-02-02,0.30
2010-02-03,0.32
2010-02-04,0.29
2010-02-05,0.28
2010-02-08,0.29
2010-02-09,0.34
2010-02-10,0.37
2010-02-11,0.37
2010-02-12,0.34
2010-02-15,.
2010-02-16,0.33
2010-02-17,0.34
2010-02-18,0.35
2010-02-19,0.37
2010-02-22,0.35
2010-02-23,0.34
2010-02-24,0.32
2010-02-25,0.30
2010-02-26,0.30
2010-03-01,0.30
2010-03-02,0.30
2010-03-03,0.30
2010-03-04,0.31
2010-03-05,0.34
2010-03-08,0.35
2010-03-09,0.37
2010-03-10,0.38
2010-03-11,0.39
2010-03-12,0.40
2010-03-15,0.39
2010-03-16,0.40
2010-03-17,0.39
2010-03-18,0.39
2010-03-19,0.40
2010-03-22,0.39
2010-03-23,0.38
2010-03-24,0.41
2010-03-25,0.41
2010-03-26,0.40
2010-03-29,0.39
2010-03-30,0.40
2010-03-31,0.38
2010-04-01,0.39
2010-04-02,0.42
2010-04-05,0.44
2010-04-06,0.48
2010-04-07,0.46
2010-04-08,0.45
2010-04-09,0.45
2010-04-12,0.44
2010-04-13,0.43
2010-04-14,0.43
2010-04-15,0.41
2010-04-16,0.39
2010-04-19,0.40
2010-04-20,0.40
2010-04-21,0.41
2010-04-22,0.42
2010-04-23,0.43
2010-04-26,0.43
2010-04-27,0.39
2010-04-28,0.39
2010-04-29,0.38
2010-04-30,0.38
2010-05-03,0.39
2010-05-04,0.42
2010-05-05,0.38
2010-05-06,0.33
2010-05-07,0.37
2010-05-10,0.38
2010-05-11,0.37
2010-05-12,0.38
2010-05-13,0.38
2010-05-14,0.33
2010-05-17,0.34
2010-05-18,0.33
2010-05-19,0.33
2010-05-20,0.32
2010-05-21,0.33
2010-05-24,0.33
2010-05-25,0.33
2010-05-26,0.34
2010-05-27,0.34
2010-05-28,0.32
2010-05-31,.
2010-06-01,0.32
2010-06-02,0.37
2010-06-03,0.37
2010-06-04,0.33
2010-06-07,0.34
2010-06-08,0.33
2010-06-09,0.32
2010-06-10,0.33
2010-06-11,0.29
2010-06-14,0.29
2010-06-15,0.29
2010-06-16,0.28
2010-06-17,0.26
2010-06-18,0.28
2010-06-21,0.27
2010-06-22,0.27
2010-06-23,0.28
2010-06-24,0.27
2010-06-25,0.27
2010-06-28,0.28
2010-06-29,0.31
2010-06-30,0.31
2010-07-01,0.31
2010-07-02,0.30
2010-07-05,.
2010-07-06,0.31
2010-07-07,0.30
2010-07-08,0.29
2010-07-09,0.29
2010-07-12,0.29
2010-07-13,0.29
2010-07-14,0.26
2010-07-15,0.26
2010-07-16,0.26
2010-07-19,0.26
2010-07-20,0.25
2010-07-21,0.25
2010-07-22,0.25
2010-07-23,0.25
2010-07-26,0.27
2010-07-27,0.30
2010-07-28,0.30
2010-07-29,0.29
2010-07-30,0.28
2010-08-02,0.27
2010-08-03,0.26
2010-08-04,0.27
2010-08-05,0.26
2010-08-06,0.24
2010-08-09,0.25
2010-08-10,0.24
2010-08-11,0.24
2010-08-12,0.24
2010-08-13,0.24
2010-08-16,0.24
2010-08-17,0.24
2010-08-18,0.24
2010-08-19,0.24
2010-08-20,0.24
2010-08-23,0.24
2010-08-24,0.27
2010-08-25,0.26
2010-08-26,0.25
2010-08-27,0.26
2010-08-30,0.25
2010-08-31,0.24
2010-09-01,0.24
2010-09-02,0.24
2010-09-03,0.24
2010-09-06,.
2010-09-07,0.24
2010-09-08,0.23
2010-09-09,0.24
2010-09-10,0.25
2010-09-13,0.25
2010-09-14,0.25
2010-09-15,0.24
2010-09-16,0.24
2010-09-17,0.25
2010-09-20,0.25
2010-09-21,0.26
2010-09-22,0.25
2010-09-23,0.25
2010-09-24,0.25
2010-09-27,0.25
2010-09-28,0.25
2010-09-29,0.26
2010-09-30,0.26
2010-10-01,0.25
2010-10-04,0.25
2010-10-05,0.24
2010-10-06,0.23
2010-10-07,0.22
2010-10-08,0.20
2010-10-11,.
2010-10-12,0.20
2010-10-13,0.21
2010-10-14,0.21
2010-10-15,0.21
2010-10-18,0.22
2010-10-19,0.22
2010-10-20,0.22
2010-10-21,0.22
2010-10-22,0.21
2010-10-25,0.22
2010-10-26,0.22
2010-10-27,0.22
2010-10-28,0.22
2010-10-29,0.21
2010-11-01,0.21
2010-11-02,0.21
2010-11-03,0.21
2010-11-04,0.20
2010-11-05,0.21
2010-11-08,0.21
2010-11-09,0.23
2010-11-10,0.23
2010-11-11,.
2010-11-12,0.25
2010-11-15,0.27
2010-11-16,0.27
2010-11-17,0.26
2010-11-18,0.26
2010-11-19,0.26
2010-11-22,0.25
2010-11-23,0.25
2010-11-24,0.27
2010-11-25,.
2010-11-26,0.27
2010-11-29,0.27
2010-11-30,0.26
2010-12-01,0.27
2010-12-02,0.28
2010-12-03,0.25
2010-12-06,0.25
2010-12-07,0.26
2010-12-08,0.28
2010-12-09,0.28
2010-12-10,0.27
2010-12-13,0.27
2010-12-14,0.30
2010-12-15,0.30
2010-12-16,0.30
2010-12-17,0.29
2010-12-20,0.29
2010-12-21,0.29
2010-12-22,0.29
2010-12-23,0.29
2010-12-24,.
2010-12-27,0.30
2010-12-28,0.29
2010-12-29,0.28
2010-12-30,0.27
2010-12-31,0.27
2011-01-03,0.27
2011-01-04,0.26
2011-01-05,0.29
2011-01-06,0.28
2011-01-07,0.27
2011-01-10,0.27
2011-01-11,0.28
2011-01-12,0.26
2011-01-13,0.26
2011-01-14,0.26
2011-01-17,.
2011-01-18,0.25
2011-01-19,0.26
2011-01-20,0.26
2011-01-21,0.26
2011-01-24,0.27
2011-01-25,0.26
2011-01-26,0.26
2011-01-27,0.24
2011-01-28,0.23
2011-01-31,0.24
2011-02-01,0.25
2011-02-02,0.26
2011-02-03,0.27
2011-02-04,0.28
2011-02-07,0.28
2011-02-08,0.31
2011-02-09,0.30
2011-02-10,0.29
2011-02-11,0.29
2011-02-14,0.29
2011-02-15,0.29
2011-02-16,0.28
2011-02-17,0.26
2011-02-18,0.27
2011-02-21,.
2011-02-22,0.26
2011-02-23,0.25
2011-02-24,0.24
2011-02-25,0.25
2011-02-28,0.24
2011-03-01,0.23
2011-03-02,0.24
2011-03-03,0.26
2011-03-04,0.24
2011-03-07,0.23
2011-03-08,0.26
2011-03-09,0.25
2011-03-10,0.24
2011-03-11,0.23
2011-03-14,0.21
2011-03-15,0.22
2011-03-16,0.20
2011-03-17,0.23
2011-03-18,0.22
2011-03-21,0.23
2011-03-22,0.23
2011-03-23,0.22
2011-03-24,0.24
2011-03-25,0.27
2011-03-28,0.27
2011-03-29,0.28
2011-03-30,0.27
2011-03-31,0.26
2011-04-01,0.23
2011-04-04,0.20
2011-04-05,0.29
2011-04-06,0.28
2011-04-07,0.26
2011-04-08,0.26
2011-04-11,0.25
2011-04-12,0.23
2011-04-13,0.22
2011-04-14,0.24
2011-04-15,0.23
2011-04-18,0.22
2011-04-19,0.22
2011-04-20,0.22
2011-04-21,0.21
2011-04-22,.
2011-04-25,0.21
2011-04-26,0.20
2011-04-27,0.20
2011-04-28,0.21
2011-04-29,0.19
2011-05-02,0.19
2011-05-03,0.20
2011-05-04,0.19
2011-05-05,0.19
2011-05-06,0.17
2011-05-09,0.16
2011-05-10,0.18
2011-05-11,0.17
2011-05-12,0.17
2011-05-13,0.18
2011-05-16,0.17
2011-05-17,0.17
2011-05-18,0.17
2011-05-19,0.18
2011-05-20,0.16
2011-05-23,0.18
2011-05-24,0.18
2011-05-25,0.17
2011-05-26,0.16
2011-05-27,0.16
2011-05-30,.
2011-05-31,0.16
2011-06-01,0.18
2011-06-02,0.19
2011-06-03,0.18
2011-06-06,0.17
2011-06-07,0.17
2011-06-08,0.17
2011-06-09,0.18
2011-06-10,0.18
2011-06-13,0.17
2011-06-14,0.18
2011-06-15,0.18
2011-06-16,0.17
2011-06-17,0.16
2011-06-20,0.17
2011-06-21,0.17
2011-06-22,0.15
2011-06-23,0.14
2011-06-24,0.15
2011-06-27,0.16
2011-06-28,0.21
2011-06-29,0.19
2011-06-30,0.19
2011-07-01,0.19
2011-07-04,.
2011-07-05,0.18
2011-07-06,0.18
2011-07-07,0.19
2011-07-08,0.16
2011-07-11,0.16
2011-07-12,0.17
2011-07-13,0.15
2011-07-14,0.14
2011-07-15,0.14
2011-07-18,0.14
2011-07-19,0.16
2011-07-20,0.17
2011-07-21,0.18
2011-07-22,0.18
2011-07-25,0.18
2011-07-26,0.21
2011-07-27,0.21
2011-07-28,0.21
2011-07-29,0.20
2011-08-01,0.21
2011-08-02,0.16
2011-08-03,0.15
2011-08-04,0.11
2011-08-05,0.10
2011-08-08,0.11
2011-08-09,0.10
2011-08-10,0.09
2011-08-11,0.10
2011-08-12,0.10
2011-08-15,0.11
2011-08-16,0.11
2011-08-17,0.11
2011-08-18,0.09
2011-08-19,0.09
2011-08-22,0.08
2011-08-23,0.10
2011-08-24,0.11
2011-08-25,0.10
2011-08-26,0.09
2011-08-29,0.09
2011-08-30,0.09
2011-08-31,0.10
2011-09-01,0.10
2011-09-02,0.10
2011-09-05,.
2011-09-06,0.12
2011-09-07,0.10
2011-09-08,0.11
2011-09-09,0.10
2011-09-12,0.10
2011-09-13,0.09
2011-09-14,0.08
2011-09-15,0.09
2011-09-16,0.08
2011-09-19,0.07
2011-09-20,0.09
2011-09-21,0.11
2011-09-22,0.10
2011-09-23,0.10
2011-09-26,0.10
2011-09-27,0.10
2011-09-28,0.11
2011-09-29,0.10
2011-09-30,0.12
2011-10-03,0.11
2011-10-04,0.10
2011-10-05,0.09
2011-10-06,0.08
2011-10-07,0.10
2011-10-10,.
2011-10-11,0.11
2011-10-12,0.08
2011-10-13,0.10
2011-10-14,0.10
2011-10-17,0.11
2011-10-18,0.12
2011-10-19,0.11
2011-10-20,0.12
2011-10-21,0.12
2011-10-24,0.11
2011-10-25,0.11
2011-10-26,0.12
2011-10-27,0.13
2011-10-28,0.12
2011-10-31,0.11
2011-11-01,0.12
2011-11-02,0.10
2011-11-03,0.10
2011-11-04,0.10
2011-11-07,0.08
2011-11-08,0.09
2011-11-09,0.09
2011-11-10,0.09
2011-11-11,.
2011-11-14,0.08
2011-11-15,0.11
2011-11-16,0.11
2011-11-17,0.10
2011-11-18,0.12
2011-11-21,0.11
2011-11-22,0.11
2011-11-23,0.11
2011-11-24,.
2011-11-25,0.12
2011-11-28,0.12
2011-11-29,0.13
2011-11-30,0.11
2011-12-01,0.11
2011-12-02,0.11
2011-12-05,0.10
2011-12-06,0.10
2011-12-07,0.10
2011-12-08,0.09
2011-12-09,0.10
2011-12-12,0.09
2011-12-13,0.11
2011-12-14,0.12
2011-12-15,0.12
2011-12-16,0.11
2011-12-19,0.11
2011-12-20,0.12
2011-12-21,0.12
2011-12-22,0.11
2011-12-23,0.11
2011-12-26,.
2011-12-27,0.11
2011-12-28,0.11
2011-12-29,0.11
2011-12-30,0.11
2012-01-02,.
2012-01-03,0.11
2012-01-04,0.11
2012-01-05,0.10
2012-01-06,0.11
2012-01-09,0.10
2012-01-10,0.11
2012-01-11,0.11
2012-01-12,0.11
2012-01-13,0.10
2012-01-16,.
2012-01-17,0.11
2012-01-18,0.11
2012-01-19,0.11
2012-01-20,0.11
2012-01-23,0.11
2012-01-24,0.11
2012-01-25,0.11
2012-01-26,0.11
2012-01-27,0.11
2012-01-30,0.11
2012-01-31,0.12
2012-02-01,0.12
2012-02-02,0.13
2012-02-03,0.13
2012-02-06,0.13
2012-02-07,0.14
2012-02-08,0.15
2012-02-09,0.15
2012-02-10,0.15
2012-02-13,0.15
2012-02-14,0.17
2012-02-15,0.17
2012-02-16,0.16
2012-02-17,0.17
2012-02-20,.
2012-02-21,0.16
2012-02-22,0.16
2012-02-23,0.16
2012-02-24,0.17
2012-02-27,0.16
2012-02-28,0.17
2012-02-29,0.17
2012-03-01,0.17
2012-03-02,0.16
2012-03-05,0.16
2012-03-06,0.17
2012-03-07,0.18
2012-03-08,0.18
2012-03-09,0.18
2012-03-12,0.18
2012-03-13,0.19
2012-03-14,0.20
2012-03-15,0.20
2012-03-16,0.20
2012-03-19,0.20
2012-03-20,0.21
2012-03-21,0.20
2012-03-22,0.18
2012-03-23,0.18
2012-03-26,0.18
2012-03-27,0.17
2012-03-28,0.17
2012-03-29,0.17
2012-03-30,0.18
2012-04-02,0.17
2012-04-03,0.20
2012-04-04,0.19
2012-04-05,0.19
2012-04-06,0.19
2012-04-09,0.19
2012-04-10,0.19
2012-04-11,0.18
2012-04-12,0.18
2012-04-13,0.17
2012-04-16,0.17
2012-04-17,0.17
2012-04-18,0.17
2012-04-19,0.16
2012-04-20,0.17
2012-04-23,0.16
2012-04-24,0.17
2012-04-25,0.17
2012-04-26,0.17
2012-04-27,0.18
2012-04-30,0.19
2012-05-01,0.19
2012-05-02,0.18
2012-05-03,0.19
2012-05-04,0.18
2012-05-07,0.18
2012-05-08,0.18
2012-05-09,0.18
2012-05-10,0.18
2012-05-11,0.18
2012-05-14,0.18
2012-05-15,0.18
2012-05-16,0.19
2012-05-17,0.19
2012-05-18,0.19
2012-05-21,0.20
2012-05-22,0.20
2012-05-23,0.19
2012-05-24,0.20
2012-05-25,0.19
2012-05-28,.
2012-05-29,0.19
2012-05-30,0.19
2012-05-31,0.18
2012-06-01,0.17
2012-06-04,0.18
2012-06-05,0.18
2012-06-06,0.18
2012-06-07,0.18
2012-06-08,0.18
2012-06-11,0.17
2012-06-12,0.18
2012-06-13,0.17
2012-06-14,0.17
2012-06-15,0.17
2012-06-18,0.17
2012-06-19,0.17
2012-06-20,0.19
2012-06-21,0.18
2012-06-22,0.18
2012-06-25,0.18
2012-06-26,0.21
2012-06-27,0.21
2012-06-28,0.22
2012-06-29,0.21
2012-07-02,0.21
2012-07-03,0.21
2012-07-04,.
2012-07-05,0.19
2012-07-06,0.20
2012-07-09,0.19
2012-07-10,0.19
2012-07-11,0.19
2012-07-12,0.19
2012-07-13,0.19
2012-07-16,0.17
2012-07-17,0.17
2012-07-18,0.17
2012-07-19,0.16
2012-07-20,0.16
2012-07-23,0.16
2012-07-24,0.18
2012-07-25,0.17
2012-07-26,0.18
2012-07-27,0.17
2012-07-30,0.18
2012-07-31,0.16
2012-08-01,0.17
2012-08-02,0.17
2012-08-03,0.16
2012-08-06,0.16
2012-08-07,0.18
2012-08-08,0.18
2012-08-09,0.19
2012-08-10,0.17
2012-08-13,0.18
2012-08-14,0.18
2012-08-15,0.18
2012-08-16,0.19
2012-08-17,0.19
2012-08-20,0.18
2012-08-21,0.20
2012-08-22,0.19
2012-08-23,0.19
2012-08-24,0.19
2012-08-27,0.18
2012-08-28,0.18
2012-08-29,0.18
2012-08-30,0.17
2012-08-31,0.16
2012-09-03,.
2012-09-04,0.16
2012-09-05,0.16
2012-09-06,0.17
2012-09-07,0.17
2012-09-10,0.17
2012-09-11,0.17
2012-09-12,0.17
2012-09-13,0.16
2012-09-14,0.17
2012-09-17,0.17
2012-09-18,0.18
2012-09-19,0.18
2012-09-20,0.18
2012-09-21,0.18
2012-09-24,0.18
2012-09-25,0.18
2012-09-26,0.17
2012-09-27,0.16
2012-09-28,0.17
2012-10-01,0.16
2012-10-02,0.16
2012-10-03,0.15
2012-10-04,0.17
2012-10-05,0.17
2012-10-08,.
2012-10-09,0.17
2012-10-10,0.17
2012-10-11,0.17
2012-10-12,0.17
2012-10-15,0.18
2012-10-16,0.18
2012-10-17,0.18
2012-10-18,0.18
2012-10-19,0.18
2012-10-22,0.19
2012-10-23,0.18
2012-10-24,0.18
2012-10-25,0.18
2012-10-26,0.18
2012-10-29,0.17
2012-10-30,.
2012-10-31,0.17
2012-11-01,0.17
2012-11-02,0.18
2012-11-05,0.18
2012-11-06,0.18
2012-11-07,0.17
2012-11-08,0.19
2012-11-09,0.17
2012-11-12,.
2012-11-13,0.17
2012-11-14,0.18
2012-11-15,0.17
2012-11-16,0.16
2012-11-19,0.16
2012-11-20,0.16
2012-11-21,0.17
2012-11-22,.
2012-11-23,0.18
2012-11-26,0.16
2012-11-27,0.17
2012-11-28,0.17
2012-11-29,0.17
2012-11-30,0.17
2012-12-03,0.17
2012-12-04,0.17
2012-12-05,0.17
2012-12-06,0.17
2012-12-07,0.17
2012-12-10,0.17
2012-12-11,0.16
2012-12-12,0.14
2012-12-13,0.14
2012-12-14,0.13
2012-12-17,0.13
2012-12-18,0.16
2012-12-19,0.15
2012-12-20,0.15
2012-12-21,0.15
2012-12-24,0.15
2012-12-25,.
2012-12-26,0.15
2012-12-27,0.14
2012-12-28,0.14
2012-12-31,0.15
2013-01-01,.
2013-01-02,0.14
2013-01-03,0.14
2013-01-04,0.14
2013-01-07,0.14
2013-01-08,0.14
2013-01-09,0.13
2013-01-10,0.14
2013-01-11,0.14
2013-01-14,0.14
2013-01-15,0.14
2013-01-16,0.14
2013-01-17,0.14
2013-01-18,0.14
2013-01-21,.
2013-01-22,0.13
2013-01-23,0.14
2013-01-24,0.14
2013-01-25,0.14
2013-01-28,0.15
2013-01-29,0.14
2013-01-30,0.14
2013-01-31,0.14
2013-02-01,0.14
2013-02-04,0.14
2013-02-05,0.15
2013-02-06,0.15
2013-02-07,0.15
2013-02-08,0.14
2013-02-11,0.15
2013-02-12,0.14
2013-02-13,0.15
2013-02-14,0.16
2013-02-15,0.16
2013-02-18,.
2013-02-19,0.16
2013-02-20,0.16
2013-02-21,0.15
2013-02-22,0.16
2013-02-25,0.15
2013-02-26,0.16
2013-02-27,0.16
2013-02-28,0.16
2013-03-01,0.15
2013-03-04,0.15
2013-03-05,0.15
2013-03-06,0.15
2013-03-07,0.15
2013-03-08,0.15
2013-03-11,0.15
2013-03-12,0.15
2013-03-13,0.15
2013-03-14,0.15
2013-03-15,0.14
2013-03-18,0.14
2013-03-19,0.14
2013-03-20,0.14
2013-03-21,0.13
2013-03-22,0.13
2013-03-25,0.13
2013-03-26,0.13
2013-03-27,0.13
2013-03-28,0.13
2013-03-29,.
2013-04-01,0.13
2013-04-02,0.14
2013-04-03,0.13
2013-04-04,0.13
2013-04-05,0.13
2013-04-08,0.13
2013-04-09,0.13
2013-04-10,0.12
2013-04-11,0.12
2013-04-12,0.11
2013-04-15,0.12
2013-04-16,0.12
2013-04-17,0.12
2013-04-18,0.11
2013-04-19,0.11
2013-04-22,0.11
2013-04-23,0.11
2013-04-24,0.12
2013-04-25,0.11
2013-04-26,0.11
2013-04-29,0.11
2013-04-30,0.11
2013-05-01,0.11
2013-05-02,0.11
2013-05-03,0.11
2013-05-06,0.11
2013-05-07,0.10
2013-05-08,0.11
2013-05-09,0.11
2013-05-10,0.11
2013-05-13,0.12
2013-05-14,0.11
2013-05-15,0.11
2013-05-16,0.11
2013-05-17,0.11
2013-05-20,0.11
2013-05-21,0.11
2013-05-22,0.10
2013-05-23,0.11
2013-05-24,0.11
2013-05-27,.
2013-05-28,0.12
2013-05-29,0.14
2013-05-30,0.13
2013-05-31,0.14
2013-06-03,0.14
2013-06-04,0.14
2013-06-05,0.14
2013-06-06,0.13
2013-06-07,0.13
2013-06-10,0.13
2013-06-11,0.13
2013-06-12,0.13
2013-06-13,0.13
2013-06-14,0.12
2013-06-17,0.12
2013-06-18,0.12
2013-06-19,0.12
2013-06-20,0.13
2013-06-21,0.12
2013-06-24,0.14
2013-06-25,0.17
2013-06-26,0.16
2013-06-27,0.15
2013-06-28,0.15
2013-07-01,0.15
2013-07-02,0.14
2013-07-03,0.14
2013-07-04,.
2013-07-05,0.14
2013-07-08,0.13
2013-07-09,0.13
2013-07-10,0.12
2013-07-11,0.12
2013-07-12,0.11
2013-07-15,0.10
2013-07-16,0.09
2013-07-17,0.10
2013-07-18,0.10
2013-07-19,0.10
2013-07-22,0.09
2013-07-23,0.12
2013-07-24,0.12
2013-07-25,0.12
2013-07-26,0.11
2013-07-29,0.11
2013-07-30,0.11
2013-07-31,0.11
2013-08-01,0.12
2013-08-02,0.11
2013-08-05,0.11
2013-08-06,0.11
2013-08-07,0.11
2013-08-08,0.11
2013-08-09,0.10
2013-08-12,0.11
2013-08-13,0.11
2013-08-14,0.11
2013-08-15,0.12
2013-08-16,0.12
2013-08-19,0.12
2013-08-20,0.13
2013-08-21,0.14
2013-08-22,0.14
2013-08-23,0.14
2013-08-26,0.13
2013-08-27,0.12
2013-08-28,0.13
2013-08-29,0.13
2013-08-30,0.12
2013-09-02,.
2013-09-03,0.13
2013-09-04,0.13
2013-09-05,0.15
2013-09-06,0.13
2013-09-09,0.11
2013-09-10,0.11
2013-09-11,0.11
2013-09-12,0.11
2013-09-13,0.11
2013-09-16,0.11
2013-09-17,0.12
2013-09-18,0.11
2013-09-19,0.10
2013-09-20,0.11
2013-09-23,0.10
2013-09-24,0.10
2013-09-25,0.10
2013-09-26,0.09
2013-09-27,0.09
2013-09-30,0.09
2013-10-01,0.09
2013-10-02,0.10
2013-10-03,0.10
2013-10-04,0.10
2013-10-07,0.11
2013-10-08,0.14
2013-10-09,0.14
2013-10-10,0.13
2013-10-11,0.13
2013-10-14,.
2013-10-15,0.15
2013-10-16,0.15
2013-10-17,0.13
2013-10-18,0.12
2013-10-21,0.11
2013-10-22,0.10
2013-10-23,0.11
2013-10-24,0.11
2013-10-25,0.10
2013-10-28,0.10
2013-10-29,0.10
2013-10-30,0.10
2013-10-31,0.09
2013-11-01,0.09
2013-11-04,0.09
2013-11-05,0.09
2013-11-06,0.10
2013-11-07,0.10
2013-11-08,0.11
2013-11-11,.
2013-11-12,0.12
2013-11-13,0.13
2013-11-14,0.13
2013-11-15,0.13
2013-11-18,0.13
2013-11-19,0.14
2013-11-20,0.12
2013-11-21,0.12
2013-11-22,0.12
2013-11-25,0.13
2013-11-26,0.12
2013-11-27,0.12
2013-11-28,.
2013-11-29,0.12
2013-12-02,0.12
2013-12-03,0.12
2013-12-04,0.13
2013-12-05,0.12
2013-12-06,0.12
2013-12-09,0.12
2013-12-10,0.14
2013-12-11,0.13
2013-12-12,0.14
2013-12-13,0.14
2013-12-16,0.13
2013-12-17,0.14
2013-12-18,0.13
2013-12-19,0.13
2013-12-20,0.13
2013-12-23,0.13
2013-12-24,0.13
2013-12-25,.
2013-12-26,0.12
2013-12-27,0.11
2013-12-30,0.12
2013-12-31,0.12
2014-01-01,.
2014-01-02,0.12
2014-01-03,0.12
2014-01-06,0.11
2014-01-07,0.13
2014-01-08,0.13
2014-01-09,0.13
2014-01-10,0.12
2014-01-13,0.11
2014-01-14,0.11
2014-01-15,0.12
2014-01-16,0.11
2014-01-17,0.11
2014-01-20,.
2014-01-21,0.11
2014-01-22,0.10
2014-01-23,0.10
2014-01-24,0.10
2014-01-27,0.10
2014-01-28,0.10
2014-01-29,0.10
2014-01-30,0.09
2014-01-31,0.09
2014-02-03,0.10
2014-02-04,0.12
2014-02-05,0.12
2014-02-06,0.13
2014-02-07,0.12
2014-02-10,0.12
2014-02-11,0.12
2014-02-12,0.12
2014-02-13,0.12
2014-02-14,0.11
2014-02-17,.
2014-02-18,0.11
2014-02-19,0.10
2014-02-20,0.11
2014-02-21,0.11
2014-02-24,0.10
2014-02-25,0.10
2014-02-26,0.10
2014-02-27,0.10
2014-02-28,0.11
2014-03-03,0.11
2014-03-04,0.12
2014-03-05,0.13
2014-03-06,0.12
2014-03-07,0.13
2014-03-10,0.12
2014-03-11,0.13
2014-03-12,0.12
2014-03-13,0.12
2014-03-14,0.12
2014-03-17,0.12
2014-03-18,0.12
2014-03-19,0.14
2014-03-20,0.13
2014-03-21,0.13
2014-03-24,0.13
2014-03-25,0.12
2014-03-26,0.11
2014-03-27,0.11
2014-03-28,0.12
2014-03-31,0.12
2014-04-01,0.13
2014-04-02,0.12
2014-04-03,0.11
2014-04-04,0.11
2014-04-07,0.11
2014-04-08,0.11
2014-04-09,0.10
2014-04-10,0.09
2014-04-11,0.09
2014-04-14,0.10
2014-04-15,0.10
2014-04-16,0.10
2014-04-17,0.10
2014-04-18,.
2014-04-21,0.10
2014-04-22,0.10
2014-04-23,0.10
2014-04-24,0.09
2014-04-25,0.10
2014-04-28,0.09
2014-04-29,0.11
2014-04-30,0.11
2014-05-01,0.10
2014-05-02,0.10
2014-05-05,0.11
2014-05-06,0.10
2014-05-07,0.10
2014-05-08,0.10
2014-05-09,0.10
2014-05-12,0.09
2014-05-13,0.09
2014-05-14,0.09
2014-05-15,0.08
2014-05-16,0.08
2014-05-19,0.08
2014-05-20,0.08
2014-05-21,0.08
2014-05-22,0.08
2014-05-23,0.09
2014-05-26,.
2014-05-27,0.08
2014-05-28,0.10
2014-05-29,0.10
2014-05-30,0.10
2014-06-02,0.10
2014-06-03,0.10
2014-06-04,0.10
2014-06-05,0.10
2014-06-06,0.11
2014-06-09,0.10
2014-06-10,0.10
2014-06-11,0.10
2014-06-12,0.09
2014-06-13,0.10
2014-06-16,0.10
2014-06-17,0.10
2014-06-18,0.09
2014-06-19,0.08
2014-06-20,0.08
2014-06-23,0.08
2014-06-24,0.12
2014-06-25,0.11
2014-06-26,0.11
2014-06-27,0.10
2014-06-30,0.11
2014-07-01,0.10
2014-07-02,0.11
2014-07-03,0.10
2014-07-04,.
2014-07-07,0.11
2014-07-08,0.10
2014-07-09,0.10
2014-07-10,0.09
2014-07-11,0.10
2014-07-14,0.10
2014-07-15,0.10
2014-07-16,0.10
2014-07-17,0.09
2014-07-18,0.08
2014-07-21,0.09
2014-07-22,0.11
2014-07-23,0.11
2014-07-24,0.11
2014-07-25,0.11
2014-07-28,0.11
2014-07-29,0.11
2014-07-30,0.12
2014-07-31,0.11
2014-08-01,0.12
2014-08-04,0.11
2014-08-05,0.11
2014-08-06,0.10
2014-08-07,0.10
2014-08-08,0.09
2014-08-11,0.09
2014-08-12,0.09
2014-08-13,0.09
2014-08-14,0.09
2014-08-15,0.08
2014-08-18,0.09
2014-08-19,0.11
2014-08-20,0.12
2014-08-21,0.10
2014-08-22,0.10
2014-08-25,0.10
2014-08-26,0.11
2014-08-27,0.10
2014-08-28,0.10
2014-08-29,0.09
2014-09-01,.
2014-09-02,0.09
2014-09-03,0.10
2014-09-04,0.09
2014-09-05,0.09
2014-09-08,0.09
2014-09-09,0.10
2014-09-10,0.09
2014-09-11,0.09
2014-09-12,0.10
2014-09-15,0.10
2014-09-16,0.13
2014-09-17,0.12
2014-09-18,0.12
2014-09-19,0.11
2014-09-22,0.10
2014-09-23,0.10
2014-09-24,0.10
2014-09-25,0.09
2014-09-26,0.10
2014-09-29,0.10
2014-09-30,0.11
2014-10-01,0.09
2014-10-02,0.09
2014-10-03,0.09
2014-10-06,0.10
2014-10-07,0.09
2014-10-08,0.09
2014-10-09,0.09
2014-10-10,0.09
2014-10-13,.
2014-10-14,0.08
2014-10-15,0.10
2014-10-16,0.10
2014-10-17,0.11
2014-10-20,0.10
2014-10-21,0.10
2014-10-22,0.11
2014-10-23,0.10
2014-10-24,0.10
2014-10-27,0.10
2014-10-28,0.10
2014-10-29,0.10
2014-10-30,0.10
2014-10-31,0.10
2014-11-03,0.10
2014-11-04,0.10
2014-11-05,0.09
2014-11-06,0.11
2014-11-07,0.11
2014-11-10,0.10
2014-11-11,.
2014-11-12,0.14
2014-11-13,0.15
2014-11-14,0.15
2014-11-17,0.14
2014-11-18,0.13
2014-11-19,0.14
2014-11-20,0.13
2014-11-21,0.13
2014-11-24,0.13
2014-11-25,0.13
2014-11-26,0.13
2014-11-27,.
2014-11-28,0.12
2014-12-01,0.12
2014-12-02,0.12
2014-12-03,0.12
2014-12-04,0.12
2014-12-05,0.15
2014-12-08,0.15
2014-12-09,0.23
2014-12-10,0.21
2014-12-11,0.21
2014-12-12,0.19
2014-12-15,0.21
2014-12-16,0.20
2014-12-17,0.22
2014-12-18,0.24
2014-12-19,0.25
2014-12-22,0.26
2014-12-23,0.24
2014-12-24,0.24
2014-12-25,.
2014-12-26,0.24
2014-12-29,0.22
2014-12-30,0.20
2014-12-31,0.22
2015-01-01,.
2015-01-02,0.22
2015-01-05,0.23
2015-01-06,0.25
2015-01-07,0.25
2015-01-08,0.23
2015-01-09,0.21
2015-01-12,0.18
2015-01-13,0.19
2015-01-14,0.17
2015-01-15,0.15
2015-01-16,0.16
2015-01-19,.
2015-01-20,0.16
2015-01-21,0.16
2015-01-22,0.16
2015-01-23,0.16
2015-01-26,0.16
2015-01-27,0.15
2015-01-28,0.15
2015-01-29,0.15
2015-01-30,0.16
2015-02-02,0.15
2015-02-03,0.21
2015-02-04,0.20
2015-02-05,0.20
2015-02-06,0.25
2015-02-09,0.23
2015-02-10,0.24
2015-02-11,0.23
2015-02-12,0.22
2015-02-13,0.22
2015-02-16,.
2015-02-17,0.23
2015-02-18,0.21
2015-02-19,0.21
2015-02-20,0.21
2015-02-23,0.20
2015-02-24,0.20
2015-02-25,0.19
2015-02-26,0.19
2015-02-27,0.19
2015-03-02,0.19
2015-03-03,0.26
2015-03-04,0.25
2015-03-05,0.24
2015-03-06,0.26
2015-03-09,0.26
2015-03-10,0.24
2015-03-11,0.24
2015-03-12,0.23
2015-03-13,0.23
2015-03-16,0.24
2015-03-17,0.25
2015-03-18,0.21
2015-03-19,0.24
2015-03-20,0.22
2015-03-23,0.22
2015-03-24,0.22
2015-03-25,0.23
2015-03-26,0.26
2015-03-27,0.25
2015-03-30,0.24
2015-03-31,0.26
2015-04-01,0.26
2015-04-02,0.24
2015-04-03,0.20
2015-04-06,0.20
2015-04-07,0.21
2015-04-08,0.21
2015-04-09,0.21
2015-04-10,0.23
2015-04-13,0.22
2015-04-14,0.22
2015-04-15,0.21
2015-04-16,0.20
2015-04-17,0.21
2015-04-20,0.22
2015-04-21,0.21
2015-04-22,0.21
2015-04-23,0.22
2015-04-24,0.22
2015-04-27,0.22
2015-04-28,0.24
2015-04-29,0.24
2015-04-30,0.23
2015-05-01,0.24
2015-05-04,0.24
2015-05-05,0.23
2015-05-06,0.24
2015-05-07,0.23
2015-05-08,0.22
2015-05-11,0.23
2015-05-12,0.23
2015-05-13,0.22
2015-05-14,0.21
2015-05-15,0.21
2015-05-18,0.20
2015-05-19,0.20
2015-05-20,0.20
2015-05-21,0.19
2015-05-22,0.20
2015-05-25,.
2015-05-26,0.21
2015-05-27,0.26
2015-05-28,0.25
2015-05-29,0.25
2015-06-01,0.25
2015-06-02,0.25
2015-06-03,0.25
2015-06-04,0.26
2015-06-05,0.27
2015-06-08,0.25
2015-06-09,0.25
2015-06-10,0.26
2015-06-11,0.26
2015-06-12,0.26
2015-06-15,0.25
2015-06-16,0.25
2015-06-17,0.24
2015-06-18,0.23
2015-06-19,0.22
2015-06-22,0.24
2015-06-23,0.29
2015-06-24,0.29
2015-06-25,0.28
2015-06-26,0.28
2015-06-29,0.26
2015-06-30,0.27
2015-07-01,0.27
2015-07-02,0.25
2015-07-03,.
2015-07-06,0.24
2015-07-07,0.23
2015-07-08,0.22
2015-07-09,0.23
2015-07-10,0.26
2015-07-13,0.25
2015-07-14,0.24
2015-07-15,0.25
2015-07-16,0.26
2015-07-17,0.26
2015-07-20,0.28
2015-07-21,0.33
2015-07-22,0.33
2015-07-23,0.32
2015-07-24,0.31
2015-07-27,0.31
2015-07-28,0.31
2015-07-29,0.32
2015-07-30,0.34
2015-07-31,0.31
2015-08-03,0.31
2015-08-04,0.35
2015-08-05,0.36
2015-08-06,0.33
2015-08-07,0.36
2015-08-10,0.37
2015-08-11,0.35
2015-08-12,0.35
2015-08-13,0.37
2015-08-14,0.38
2015-08-17,0.37
2015-08-18,0.41
2015-08-19,0.38
2015-08-20,0.38
2015-08-21,0.35
2015-08-24,0.32
2015-08-25,0.35
2015-08-26,0.34
2015-08-27,0.35
2015-08-28,0.36
2015-08-31,0.37
2015-09-01,0.37
2015-09-02,0.35
2015-09-03,0.34
2015-09-04,0.34
2015-09-07,.
2015-09-08,0.36
2015-09-09,0.36
2015-09-10,0.36
2015-09-11,0.37
2015-09-14,0.37
2015-09-15,0.46
2015-09-16,0.45
2015-09-17,0.38
2015-09-18,0.34
2015-09-21,0.35
2015-09-22,0.34
2015-09-23,0.33
2015-09-24,0.31
2015-09-25,0.33
2015-09-28,0.32
2015-09-29,0.31
2015-09-30,0.31
2015-10-01,0.29
2015-10-02,0.23
2015-10-05,0.24
2015-10-06,0.23
2015-10-07,0.24
2015-10-08,0.24
2015-10-09,0.25
2015-10-12,.
2015-10-13,0.24
2015-10-14,0.21
2015-10-15,0.21
2015-10-16,0.22
2015-10-19,0.22
2015-10-20,0.22
2015-10-21,0.22
2015-10-22,0.22
2015-10-23,0.23
2015-10-26,0.23
2015-10-27,0.27
2015-10-28,0.31
2015-10-29,0.31
2015-10-30,0.32
2015-11-02,0.34
2015-11-03,0.36
2015-11-04,0.37
2015-11-05,0.39
2015-11-06,0.43
2015-11-09,0.43
2015-11-10,0.50
2015-11-11,.
2015-11-12,0.50
2015-11-13,0.49
2015-11-16,0.48
2015-11-17,0.48
2015-11-18,0.47
2015-11-19,0.47
2015-11-20,0.47
2015-11-23,0.48
2015-11-24,0.49
2015-11-25,0.49
2015-11-26,.
2015-11-27,0.47
2015-11-30,0.48
2015-12-01,0.48
2015-12-02,0.49
2015-12-03,0.54
2015-12-04,0.57
2015-12-07,0.64
2015-12-08,0.74
2015-12-09,0.70
2015-12-10,0.69
2015-12-11,0.66
2015-12-14,0.66
2015-12-15,0.67
2015-12-16,0.68
2015-12-17,0.67
2015-12-18,0.65
2015-12-21,0.62
2015-12-22,0.63
2015-12-23,0.62
2015-12-24,0.61
2015-12-25,.
2015-12-28,0.63
2015-12-29,0.63
2015-12-30,0.60
2015-12-31,0.61
2016-01-01,.
2016-01-04,0.57
2016-01-05,0.67
2016-01-06,0.65
2016-01-07,0.64
2016-01-08,0.62
2016-01-11,0.61
2016-01-12,0.60
2016-01-13,0.58
2016-01-14,0.53
2016-01-15,0.47
2016-01-18,.
2016-01-19,0.46
2016-01-20,0.41
2016-01-21,0.42
2016-01-22,0.45
2016-01-25,0.44
2016-01-26,0.45
2016-01-27,0.44
2016-01-28,0.45
2016-01-29,0.44
2016-02-01,0.46
2016-02-02,0.53
2016-02-03,0.53
2016-02-04,0.51
2016-02-05,0.54
2016-02-08,0.50
2016-02-09,0.51
2016-02-10,0.51
2016-02-11,0.46
2016-02-12,0.49
2016-02-15,.
2016-02-16,0.49
2016-02-17,0.51
2016-02-18,0.51
2016-02-19,0.51
2016-02-22,0.53
2016-02-23,0.53
2016-02-24,0.53
2016-02-25,0.54
2016-02-26,0.57
2016-02-29,0.60
2016-03-01,0.67
2016-03-02,0.66
2016-03-03,0.64
2016-03-04,0.66
2016-03-07,0.65
2016-03-08,0.66
2016-03-09,0.66
2016-03-10,0.67
2016-03-11,0.68
2016-03-14,0.68
2016-03-15,0.69
2016-03-16,0.64
2016-03-17,0.62
2016-03-18,0.60
2016-03-21,0.60
2016-03-22,0.61
2016-03-23,0.61
2016-03-24,0.60
2016-03-25,.
2016-03-28,0.62
2016-03-29,0.62
2016-03-30,0.60
2016-03-31,0.58
2016-04-01,0.61
2016-04-04,0.58
2016-04-05,0.55
2016-04-06,0.54
2016-04-07,0.51
2016-04-08,0.52
2016-04-11,0.51
2016-04-12,0.52
2016-04-13,0.53
2016-04-14,0.53
2016-04-15,0.51
2016-04-18,0.50
2016-04-19,0.51
2016-04-20,0.51
2016-04-21,0.53
2016-04-22,0.53
2016-04-25,0.54
2016-04-26,0.60
2016-04-27,0.57
2016-04-28,0.55
2016-04-29,0.55
2016-05-02,0.54
2016-05-03,0.52
2016-05-04,0.51
2016-05-05,0.50
2016-05-06,0.50
2016-05-09,0.49
2016-05-10,0.50
2016-05-11,0.51
2016-05-12,0.52
2016-05-13,0.53
2016-05-16,0.54
2016-05-17,0.55
2016-05-18,0.60
2016-05-19,0.61
2016-05-20,0.64
2016-05-23,0.65
2016-05-24,0.68
2016-05-25,0.66
2016-05-26,0.64
2016-05-27,0.67
2016-05-30,.
2016-05-31,0.66
2016-06-01,0.68
2016-06-02,0.66
2016-06-03,0.58
2016-06-06,0.58
2016-06-07,0.57
2016-06-08,0.58
2016-06-09,0.57
2016-06-10,0.55
2016-06-13,0.53
2016-06-14,0.53
2016-06-15,0.50
2016-06-16,0.50
2016-06-17,0.49
2016-06-20,0.54
2016-06-21,0.56
2016-06-22,0.55
2016-06-23,0.57
2016-06-24,0.47
2016-06-27,0.44
2016-06-28,0.44
2016-06-29,0.45
2016-06-30,0.44
2016-07-01,0.44
2016-07-04,.
2016-07-05,0.43
2016-07-06,0.45
2016-07-07,0.46
2016-07-08,0.46
2016-07-11,0.48
2016-07-12,0.50
2016-07-13,0.49
2016-07-14,0.51
2016-07-15,0.50
2016-07-18,0.50
2016-07-19,0.55
2016-07-20,0.55
2016-07-21,0.53
2016-07-22,0.54
2016-07-25,0.54
2016-07-26,0.54
2016-07-27,0.52
2016-07-28,0.52
2016-07-29,0.49
2016-08-01,0.49
2016-08-02,0.49
2016-08-03,0.51
2016-08-04,0.50
2016-08-05,0.54
2016-08-08,0.55
2016-08-09,0.53
2016-08-10,0.53
2016-08-11,0.53
2016-08-12,0.54
2016-08-15,0.54
2016-08-16,0.56
2016-08-17,0.57
2016-08-18,0.57
2016-08-19,0.58
2016-08-22,0.57
2016-08-23,0.57
2016-08-24,0.58
2016-08-25,0.58
2016-08-26,0.60
2016-08-29,0.60
2016-08-30,0.59
2016-08-31,0.59
2016-09-01,0.58
2016-09-02,0.57
2016-09-05,.
2016-09-06,0.54
2016-09-07,0.55
2016-09-08,0.55
2016-09-09,0.56
2016-09-12,0.55
2016-09-13,0.62
2016-09-14,0.61
2016-09-15,0.59
2016-09-16,0.60
2016-09-19,0.59
2016-09-20,0.60
2016-09-21,0.60
2016-09-22,0.58
2016-09-23,0.58
2016-09-26,0.56
2016-09-27,0.56
2016-09-28,0.58
2016-09-29,0.57
2016-09-30,0.57
2016-10-03,0.61
2016-10-04,0.62
2016-10-05,0.62
2016-10-06,0.62
2016-10-07,0.63
2016-10-10,.
2016-10-11,0.68
2016-10-12,0.67
2016-10-13,0.65
2016-10-14,0.65
2016-10-17,0.64
2016-10-18,0.64
2016-10-19,0.63
2016-10-20,0.64
2016-10-21,0.64
2016-10-24,0.64
2016-10-25,0.64
2016-10-26,0.65
2016-10-27,0.66
2016-10-28,0.64
2016-10-31,0.64
2016-11-01,0.63
2016-11-02,0.62
2016-11-03,0.62
2016-11-04,0.60
2016-11-07,0.61
2016-11-08,0.70
2016-11-09,0.71
2016-11-10,0.71
2016-11-11,.
2016-11-14,0.75
2016-11-15,0.76
2016-11-16,0.74
2016-11-17,0.75
2016-11-18,0.75
2016-11-21,0.75
2016-11-22,0.75
2016-11-23,0.77
2016-11-24,.
2016-11-25,0.78
2016-11-28,0.76
2016-11-29,0.75
2016-11-30,0.77
2016-12-01,0.78
2016-12-02,0.76
2016-12-05,0.78
2016-12-06,0.81
2016-12-07,0.83
2016-12-08,0.82
2016-12-09,0.83
2016-12-12,0.83
2016-12-13,0.86
2016-12-14,0.89
2016-12-15,0.88
2016-12-16,0.88
2016-12-19,0.87
2016-12-20,0.87
2016-12-21,0.85
2016-12-22,0.84
2016-12-23,0.84
2016-12-26,.
2016-12-27,0.85
2016-12-28,0.86
2016-12-29,0.81
2016-12-30,0.81
2017-01-02,.
2017-01-03,0.87
2017-01-04,0.85
2017-01-05,0.81
2017-01-06,0.83
2017-01-09,0.80
2017-01-10,0.80
2017-01-11,0.80
2017-01-12,0.79
2017-01-13,0.79
2017-01-16,.
2017-01-17,0.77
2017-01-18,0.79
2017-01-19,0.80
2017-01-20,0.79
2017-01-23,0.76
2017-01-24,0.77
2017-01-25,0.78
2017-01-26,0.78
2017-01-27,0.78
2017-01-30,0.77
2017-01-31,0.82
2017-02-01,0.81
2017-02-02,0.82
2017-02-03,0.80
2017-02-06,0.77
2017-02-07,0.78
2017-02-08,0.77
2017-02-09,0.78
2017-02-10,0.79
2017-02-13,0.79
2017-02-14,0.81
2017-02-15,0.83
2017-02-16,0.79
2017-02-17,0.79
2017-02-20,.
2017-02-21,0.79
2017-02-22,0.78
2017-02-23,0.77
2017-02-24,0.77
2017-02-27,0.77
2017-02-28,0.86
2017-03-01,0.90
2017-03-02,0.96
2017-03-03,0.96
2017-03-06,0.95
2017-03-07,0.99
2017-03-08,1.00
2017-03-09,1.01
2017-03-10,1.00
2017-03-13,1.03
2017-03-14,1.03
2017-03-15,0.99
2017-03-16,0.98
2017-03-17,0.97
2017-03-20,0.97
2017-03-21,0.97
2017-03-22,0.95
2017-03-23,0.95
2017-03-24,0.96
2017-03-27,0.96
2017-03-28,1.01
2017-03-29,1.02
2017-03-30,1.01
2017-03-31,1.01
2017-04-03,1.00
2017-04-04,1.00
2017-04-05,1.00
2017-04-06,1.02
2017-04-07,1.05
2017-04-10,1.04
2017-04-11,1.02
2017-04-12,1.01
2017-04-13,1.00
2017-04-14,.
2017-04-17,1.01
2017-04-18,0.99
2017-04-19,0.99
2017-04-20,0.98
2017-04-21,0.96
2017-04-24,0.99
2017-04-25,1.07
2017-04-26,1.05
2017-04-27,1.04
2017-04-28,1.05
2017-05-01,1.06
2017-05-02,1.05
2017-05-03,1.07
2017-05-04,1.08
2017-05-05,1.07
2017-05-08,1.09
2017-05-09,1.11
2017-05-10,1.10
2017-05-11,1.10
2017-05-12,1.08
2017-05-15,1.08
2017-05-16,1.08
2017-05-17,1.05
2017-05-18,1.06
2017-05-19,1.07
2017-05-22,1.08
2017-05-23,1.12
2017-05-24,1.15
2017-05-25,1.13
2017-05-26,1.14
2017-05-29,.
2017-05-30,1.13
2017-05-31,1.14
2017-06-01,1.13
2017-06-02,1.13
2017-06-05,1.13
2017-06-06,1.13
2017-06-07,1.14
2017-06-08,1.16
2017-06-09,1.17
2017-06-12,1.16
2017-06-13,1.18
2017-06-14,1.17
2017-06-15,1.18
2017-06-16,1.18
2017-06-19,1.18
2017-06-20,1.19
2017-06-21,1.19
2017-06-22,1.19
2017-06-23,1.18
2017-06-26,1.17
2017-06-27,1.19
2017-06-28,1.18
2017-06-29,1.20
2017-06-30,1.21
2017-07-03,1.21
2017-07-04,.
2017-07-05,1.21
2017-07-06,1.20
2017-07-07,1.19
2017-07-10,1.19
2017-07-11,1.17
2017-07-12,1.18
2017-07-13,1.19
2017-07-14,1.18
2017-07-17,1.18
2017-07-18,1.16
2017-07-19,1.20
2017-07-20,1.19
2017-07-21,1.19
2017-07-24,1.20
2017-07-25,1.21
2017-07-26,1.20
2017-07-27,1.19
2017-07-28,1.19
2017-07-31,1.20
2017-08-01,1.19
2017-08-02,1.21
2017-08-03,1.19
2017-08-04,1.20
2017-08-07,1.19
2017-08-08,1.21
2017-08-09,1.18
2017-08-10,1.19
2017-08-11,1.18
2017-08-14,1.19
2017-08-15,1.20
2017-08-16,1.21
2017-08-17,1.21
2017-08-18,1.21
2017-08-21,1.20
2017-08-22,1.21
2017-08-23,1.19
2017-08-24,1.20
2017-08-25,1.20
2017-08-28,1.21
2017-08-29,1.20
2017-08-30,1.20
2017-08-31,1.20
2017-09-01,1.21
2017-09-04,.
2017-09-05,1.20
2017-09-06,1.21
2017-09-07,1.18
2017-09-08,1.19
2017-09-11,1.21
2017-09-12,1.24
2017-09-13,1.24
2017-09-14,1.25
2017-09-15,1.27
2017-09-18,1.27
2017-09-19,1.28
2017-09-20,1.29
2017-09-21,1.28
2017-09-22,1.27
2017-09-25,1.27
2017-09-26,1.28
2017-09-27,1.29
2017-09-28,1.27
2017-09-29,1.27
2017-10-02,1.27
2017-10-03,1.28
2017-10-04,1.29
2017-10-05,1.31
2017-10-06,1.31
2017-10-09,.
2017-10-10,1.39
2017-10-11,1.37
2017-10-12,1.38
2017-10-13,1.36
2017-10-16,1.38
2017-10-17,1.37
2017-10-18,1.38
2017-10-19,1.37
2017-10-20,1.39
2017-10-23,1.38
2017-10-24,1.39
2017-10-25,1.39
2017-10-26,1.39
2017-10-27,1.38
2017-10-30,1.38
2017-10-31,1.39
2017-11-01,1.42
2017-11-02,1.41
2017-11-03,1.44
2017-11-06,1.45
2017-11-07,1.45
2017-11-08,1.49
2017-11-09,1.49
2017-11-10,1.50
2017-11-13,1.51
2017-11-14,1.51
2017-11-15,1.51
2017-11-16,1.55
2017-11-17,1.56
2017-11-20,1.57
2017-11-21,1.57
2017-11-22,1.56
2017-11-23,.
2017-11-24,1.56
2017-11-27,1.57
2017-11-28,1.56
2017-11-29,1.56
2017-11-30,1.57
2017-12-01,1.57
2017-12-04,1.61
2017-12-05,1.60
2017-12-06,1.64
2017-12-07,1.63
2017-12-08,1.61
2017-12-11,1.64
2017-12-12,1.65
2017-12-13,1.63
2017-12-14,1.65
2017-12-15,1.66
2017-12-18,1.65
2017-12-19,1.66
2017-12-20,1.67
2017-12-21,1.68
2017-12-22,1.68
2017-12-25,.
2017-12-26,1.69
2017-12-27,1.69
2017-12-28,1.70
2017-12-29,1.70
2018-01-01,.
2018-01-02,1.78
2018-01-03,1.76
2018-01-04,1.77
2018-01-05,1.75
2018-01-08,1.74
2018-01-09,1.73
2018-01-10,1.73
2018-01-11,1.72
2018-01-12,1.73
2018-01-15,.
2018-01-16,1.73
2018-01-17,1.73
2018-01-18,1.73
2018-01-19,1.73
2018-01-22,1.73
2018-01-23,1.72
2018-01-24,1.73
2018-01-25,1.74
2018-01-26,1.73
2018-01-29,1.73
2018-01-30,1.83
2018-01-31,1.85
2018-02-01,1.84
2018-02-02,1.83
2018-02-05,1.80
2018-02-06,1.82
2018-02-07,1.85
2018-02-08,1.85
2018-02-09,1.83
2018-02-12,1.87
2018-02-13,1.89
2018-02-14,1.92
2018-02-15,1.93
2018-02-16,1.94
2018-02-19,.
2018-02-20,1.94
2018-02-21,1.96
2018-02-22,1.95
2018-02-23,1.95
2018-02-26,1.96
2018-02-27,2.02
2018-02-28,2.01
2018-03-01,1.99
2018-03-02,2.00
2018-03-05,2.00
2018-03-06,2.00
2018-03-07,1.99
2018-03-08,1.99
2018-03-09,1.97
2018-03-12,1.98
2018-03-13,1.97
2018-03-14,1.98
2018-03-15,2.00
2018-03-16,2.01
2018-03-19,2.01
2018-03-20,2.01
2018-03-21,1.99
2018-03-22,1.98
2018-03-23,1.97
2018-03-26,1.99
2018-03-27,2.04
2018-03-28,2.06
2018-03-29,2.03
2018-03-30,.
2018-04-02,2.02
2018-04-03,2.03
2018-04-04,2.01
2018-04-05,2.01
2018-04-06,2.00
2018-04-09,2.01
2018-04-10,2.02
2018-04-11,2.02
2018-04-12,2.04
2018-04-13,2.05
2018-04-16,2.05
2018-04-17,2.08
2018-04-18,2.09
2018-04-19,2.13
2018-04-20,2.14
2018-04-23,2.16
2018-04-24,2.18
2018-04-25,2.19
2018-04-26,2.18
2018-04-27,2.17
2018-04-30,2.17
2018-05-01,2.19
2018-05-02,2.17
2018-05-03,2.17
2018-05-04,2.17
2018-05-07,2.17
2018-05-08,2.18
2018-05-09,2.19
2018-05-10,2.19
2018-05-11,2.20
2018-05-14,2.20
2018-05-15,2.22
2018-05-16,2.23
2018-05-17,2.23
2018-05-18,2.23
2018-05-21,2.26
2018-05-22,2.27
2018-05-23,2.22
2018-05-24,2.21
2018-05-25,2.20
2018-05-28,.
2018-05-29,2.10
2018-05-30,2.16
2018-05-31,2.16
2018-06-01,2.21
2018-06-04,2.22
2018-06-05,2.24
2018-06-06,2.24
2018-06-07,2.23
2018-06-08,2.22
2018-06-11,2.24
2018-06-12,2.23
2018-06-13,2.26
2018-06-14,2.25
2018-06-15,2.25
2018-06-18,2.26
2018-06-19,2.27
2018-06-20,2.29
2018-06-21,2.27
2018-06-22,2.26
2018-06-25,2.27
2018-06-26,2.26
2018-06-27,2.25
2018-06-28,2.25
2018-06-29,2.25
2018-07-02,2.26
2018-07-03,2.25
2018-07-04,.
2018-07-05,2.24
2018-07-06,2.26
2018-07-09,2.26
2018-07-10,2.27
2018-07-11,2.27
2018-07-12,2.30
2018-07-13,2.28
2018-07-16,2.30
2018-07-17,2.32
2018-07-18,2.35
2018-07-19,2.32
2018-07-20,2.33
2018-07-23,2.34
2018-07-24,2.34
2018-07-25,2.34
2018-07-26,2.33
2018-07-27,2.35
2018-07-30,2.35
2018-07-31,2.35
2018-08-01,2.36
2018-08-02,2.36
2018-08-03,2.35
2018-08-06,2.35
2018-08-07,2.36
2018-08-08,2.35
2018-08-09,2.35
2018-08-10,2.33
2018-08-13,2.33
2018-08-14,2.36
2018-08-15,2.37
2018-08-16,2.37
2018-08-17,2.36
2018-08-20,2.35
2018-08-21,2.37
2018-08-22,2.35
2018-08-23,2.35
2018-08-24,2.36
2018-08-27,2.38
2018-08-28,2.38
2018-08-29,2.39
2018-08-30,2.38
2018-08-31,2.38
2018-09-03,.
2018-09-04,2.40
2018-09-05,2.40
2018-09-06,2.41
2018-09-07,2.43
2018-09-10,2.44
2018-09-11,2.47
2018-09-12,2.48
2018-09-13,2.47
2018-09-14,2.48
2018-09-17,2.48
2018-09-18,2.49
2018-09-19,2.49
2018-09-20,2.49
2018-09-21,2.49
2018-09-24,2.51
2018-09-25,2.50
2018-09-26,2.49
2018-09-27,2.49
2018-09-28,2.49
2018-10-01,2.50
2018-10-02,2.51
2018-10-03,2.52
2018-10-04,2.53
2018-10-05,2.54
2018-10-08,.
2018-10-09,2.56
2018-10-10,2.58
2018-10-11,2.57
2018-10-12,2.57
2018-10-15,2.58
2018-10-16,2.57
2018-10-17,2.57
2018-10-18,2.58
2018-10-19,2.58
2018-10-22,2.58
2018-10-23,2.57
2018-10-24,2.55
2018-10-25,2.56
2018-10-26,2.54
2018-10-29,2.55
2018-10-30,2.56
2018-10-31,2.59
2018-11-01,2.57
2018-11-02,2.60
2018-11-05,2.60
2018-11-06,2.63
2018-11-07,2.65
2018-11-08,2.65
2018-11-09,2.64
2018-11-12,.
2018-11-13,2.63
2018-11-14,2.62
2018-11-15,2.61
2018-11-16,2.59
2018-11-19,2.57
2018-11-20,2.58
2018-11-21,2.58
2018-11-22,.
2018-11-23,2.58
2018-11-26,2.60
2018-11-27,2.60
2018-11-28,2.59
2018-11-29,2.59
2018-11-30,2.60
2018-12-03,2.62
2018-12-04,2.62
2018-12-05,.
2018-12-06,2.61
2018-12-07,2.59
2018-12-10,2.60
2018-12-11,2.61
2018-12-12,2.61
2018-12-13,2.60
2018-12-14,2.59
2018-12-17,2.57
2018-12-18,2.55
2018-12-19,2.54
2018-12-20,2.55
2018-12-21,2.54
2018-12-24,2.53
2018-12-25,.
2018-12-26,2.53
2018-12-27,2.50
2018-12-28,2.51
2018-12-31,2.54
2019-01-01,.
2019-01-02,2.52
2019-01-03,2.42
2019-01-04,2.49
2019-01-07,2.50
2019-01-08,2.52
2019-01-09,2.51
2019-01-10,2.51
2019-01-11,2.50
2019-01-14,2.49
2019-01-15,2.49
2019-01-16,2.49
2019-01-17,2.49
2019-01-18,2.52
2019-01-21,.
2019-01-22,2.51
2019-01-23,2.51
2019-01-24,2.50
2019-01-25,2.52
2019-01-28,2.52
2019-01-29,2.52
2019-01-30,2.49
2019-01-31,2.47
2019-02-01,2.48
2019-02-04,2.49
2019-02-05,2.48
2019-02-06,2.48
2019-02-07,2.47
2019-02-08,2.46
2019-02-11,2.47
2019-02-12,2.47
2019-02-13,2.47
2019-02-14,2.45
2019-02-15,2.47
2019-02-18,.
2019-02-19,2.46
2019-02-20,2.46
2019-02-21,2.47
2019-02-22,2.47
2019-02-25,2.48
2019-02-26,2.47
2019-02-27,2.46
2019-02-28,2.46
2019-03-01,2.47
2019-03-04,2.46
2019-03-05,2.46
2019-03-06,2.46
2019-03-07,2.44
2019-03-08,2.45
2019-03-11,2.45
2019-03-12,2.44
2019-03-13,2.45
2019-03-14,2.44
2019-03-15,2.44
2019-03-18,2.44
2019-03-19,2.42
2019-03-20,2.40
2019-03-21,2.41
2019-03-22,2.38
2019-03-25,2.35
2019-03-26,2.36
2019-03-27,2.32
2019-03-28,2.32
2019-03-29,2.32
2019-04-01,2.33
2019-04-02,2.33
2019-04-03,2.33
2019-04-04,2.33
2019-04-05,2.35
2019-04-08,2.35
2019-04-09,2.34
2019-04-10,2.33
2019-04-11,2.36
2019-04-12,2.36
2019-04-15,2.35
2019-04-16,2.37
2019-04-17,2.36
2019-04-18,2.36
2019-04-19,.
2019-04-22,2.38
2019-04-23,2.35
2019-04-24,2.34
2019-04-25,2.34
2019-04-26,2.33
2019-04-29,2.34
2019-04-30,2.31
2019-05-01,2.31
2019-05-02,2.33
2019-05-03,2.33
2019-05-06,2.31
2019-05-07,2.30
2019-05-08,2.30
2019-05-09,2.29
2019-05-10,2.29
2019-05-13,2.25
2019-05-14,2.25
2019-05-15,2.24
2019-05-16,2.26
2019-05-17,2.26
2019-05-20,2.27
2019-05-21,2.28
2019-05-22,2.29
2019-05-23,2.24
2019-05-24,2.25
2019-05-27,.
2019-05-28,2.24
2019-05-29,2.23
2019-05-30,2.22
2019-05-31,2.15
2019-06-03,2.06
2019-06-04,2.06
2019-06-05,1.99
2019-06-06,1.97
2019-06-07,1.92
2019-06-10,1.98
2019-06-11,2.00
2019-06-12,1.97
2019-06-13,1.95
2019-06-14,1.95
2019-06-17,1.99
2019-06-18,1.98
2019-06-19,1.90
2019-06-20,1.85
2019-06-21,1.89
2019-06-24,1.87
2019-06-25,1.88
2019-06-26,1.91
2019-06-27,1.88
2019-06-28,1.87
2019-07-01,1.89
2019-07-02,1.86
2019-07-03,1.86
2019-07-04,.
2019-07-05,1.93
2019-07-08,1.94
2019-07-09,1.95
2019-07-10,1.88
2019-07-11,1.92
2019-07-12,1.91
2019-07-15,1.90
2019-07-16,1.94
2019-07-17,1.89
2019-07-18,1.84
2019-07-19,1.88
2019-07-22,1.89
2019-07-23,1.91
2019-07-24,1.92
2019-07-25,1.93
2019-07-26,1.94
2019-07-29,1.93
2019-07-30,1.92
2019-07-31,1.94
2019-08-01,1.83
2019-08-02,1.81
2019-08-05,1.74
2019-08-06,1.76
2019-08-07,1.72
2019-08-08,1.75
2019-08-09,1.74
2019-08-12,1.72
2019-08-13,1.80
2019-08-14,1.74
2019-08-15,1.67
2019-08-16,1.66
2019-08-19,1.70
2019-08-20,1.68
2019-08-21,1.72
2019-08-22,1.74
2019-08-23,1.69
2019-08-26,1.71
2019-08-27,1.73
2019-08-28,1.70
2019-08-29,1.71
2019-08-30,1.72
2019-09-02,.
2019-09-03,1.69
2019-09-04,1.66
2019-09-05,1.70
2019-09-06,1.70
2019-09-09,1.71
2019-09-10,1.76
2019-09-11,1.74
2019-09-12,1.77
2019-09-13,1.82
2019-09-16,1.81
2019-09-17,1.82
2019-09-18,1.82
2019-09-19,1.83
2019-09-20,1.79
2019-09-23,1.76
2019-09-24,1.74
2019-09-25,1.77
2019-09-26,1.74
2019-09-27,1.70
2019-09-30,1.71
2019-10-01,1.69
2019-10-02,1.63
2019-10-03,1.55
2019-10-04,1.55
2019-10-07,1.61
2019-10-08,1.57
2019-10-09,1.55
2019-10-10,1.58
2019-10-11,1.62
2019-10-14,.
2019-10-15,1.60
2019-10-16,1.55
2019-10-17,1.55
2019-10-18,1.54
2019-10-21,1.55
2019-10-22,1.55
2019-10-23,1.54
2019-10-24,1.55
2019-10-25,1.56
2019-10-28,1.56
2019-10-29,1.55
2019-10-30,1.55
2019-10-31,1.49
2019-11-01,1.49
2019-11-04,1.52
2019-11-05,1.57
2019-11-06,1.54
2019-11-07,1.54
2019-11-08,1.54
2019-11-11,.
2019-11-12,1.54
2019-11-13,1.53
2019-11-14,1.51
2019-11-15,1.50
2019-11-18,1.50
2019-11-19,1.50
2019-11-20,1.50
2019-11-21,1.51
2019-11-22,1.52
2019-11-25,1.54
2019-11-26,1.55
2019-11-27,1.56
2019-11-28,.
2019-11-29,1.56
2019-12-02,1.56
2019-12-03,1.53
2019-12-04,1.52
2019-12-05,1.52
2019-12-06,1.53
2019-12-09,1.52
2019-12-10,1.52
2019-12-11,1.51
2019-12-12,1.51
2019-12-13,1.49
2019-12-16,1.50
2019-12-17,1.49
2019-12-18,1.50
2019-12-19,1.48
2019-12-20,1.48
2019-12-23,1.49
2019-12-24,1.49
2019-12-25,.
2019-12-26,1.49
2019-12-27,1.47
2019-12-30,1.53
2019-12-31,1.55
2020-01-01,.
2020-01-02,1.52
2020-01-03,1.51
2020-01-06,1.50
2020-01-07,1.49
2020-01-08,1.51
2020-01-09,1.50
2020-01-10,1.49
2020-01-13,1.49
2020-01-14,1.49
2020-01-15,1.50
2020-01-16,1.50
2020-01-17,1.52
2020-01-20,.
2020-01-21,1.50
2020-01-22,1.51
2020-01-23,1.51
2020-01-24,1.51
2020-01-27,1.50
2020-01-28,1.49
2020-01-29,1.47
2020-01-30,1.44
2020-01-31,1.41
2020-02-03,1.42
2020-02-04,1.44
2020-02-05,1.45
2020-02-06,1.47
2020-02-07,1.45
2020-02-10,1.42
2020-02-11,1.44
2020-02-12,1.45
2020-02-13,1.45
2020-02-14,1.45
2020-02-17,.
2020-02-18,1.44
2020-02-19,1.44
2020-02-20,1.43
2020-02-21,1.40
2020-02-24,1.33
2020-02-25,1.27
2020-02-26,1.23
2020-02-27,1.15
2020-02-28,0.95
2020-03-02,0.87
2020-03-03,0.71
2020-03-04,0.58
2020-03-05,0.47
2020-03-06,0.38
2020-03-09,0.30
2020-03-10,0.42
2020-03-11,0.39
2020-03-12,0.38
2020-03-13,0.37
2020-03-16,0.28
2020-03-17,0.29
2020-03-18,0.19
2020-03-19,0.18
2020-03-20,0.13
2020-03-23,0.16
2020-03-24,0.25
2020-03-25,0.19
2020-03-26,0.13
2020-03-27,0.11
2020-03-30,0.14
2020-03-31,0.17
2020-04-01,0.16
2020-04-02,0.14
2020-04-03,0.15
2020-04-06,0.19
2020-04-07,0.19
2020-04-08,0.23
2020-04-09,0.25
2020-04-10,.
2020-04-13,0.27
2020-04-14,0.25
2020-04-15,0.19
2020-04-16,0.17
2020-04-17,0.16
2020-04-20,0.15
2020-04-21,0.17
2020-04-22,0.16
2020-04-23,0.17
2020-04-24,0.18
2020-04-27,0.17
2020-04-28,0.16
2020-04-29,0.18
2020-04-30,0.16
2020-05-01,0.17
2020-05-04,0.16
2020-05-05,0.16
2020-05-06,0.16
2020-05-07,0.15
2020-05-08,0.15
2020-05-11,0.16
2020-05-12,0.16
2020-05-13,0.15
2020-05-14,0.15
2020-05-15,0.15
2020-05-18,0.17
2020-05-19,0.16
2020-05-20,0.16
2020-05-21,0.16
2020-05-22,0.17
2020-05-25,.
2020-05-26,0.17
2020-05-27,0.18
2020-05-28,0.17
2020-05-29,0.17
2020-06-01,0.17
2020-06-02,0.17
2020-06-03,0.17
2020-06-04,0.17
2020-06-05,0.18
2020-06-08,0.19
2020-06-09,0.19
2020-06-10,0.18
2020-06-11,0.19
2020-06-12,0.18
2020-06-15,0.17
2020-06-16,0.18
2020-06-17,0.19
2020-06-18,0.19
2020-06-19,0.18
2020-06-22,0.17
2020-06-23,0.18
2020-06-24,0.17
2020-06-25,0.17
2020-06-26,0.17
2020-06-29,0.16
2020-06-30,0.16
2020-07-01,0.16
2020-07-02,0.16
2020-07-03,.
2020-07-06,0.16
2020-07-07,0.15
2020-07-08,0.15
2020-07-09,0.15
2020-07-10,0.15
2020-07-13,0.16
2020-07-14,0.17
2020-07-15,0.15
2020-07-16,0.14
2020-07-17,0.14
2020-07-20,0.14
2020-07-21,0.15
2020-07-22,0.14
2020-07-23,0.14
2020-07-24,0.16
2020-07-27,0.14
2020-07-28,0.14
2020-07-29,0.13
2020-07-30,0.11
2020-07-31,0.11
2020-08-03,0.12
2020-08-04,0.14
2020-08-05,0.12
2020-08-06,0.14
2020-08-07,0.14
2020-08-10,0.13
2020-08-11,0.15
2020-08-12,0.13
2020-08-13,0.14
2020-08-14,0.13
2020-08-17,0.13
2020-08-18,0.13
2020-08-19,0.13
2020-08-20,0.12
2020-08-21,0.13
2020-08-24,0.14
2020-08-25,0.13
2020-08-26,0.12
2020-08-27,0.13
2020-08-28,0.12
2020-08-31,0.12
2020-09-01,0.12
2020-09-02,0.13
2020-09-03,0.12
2020-09-04,0.13
2020-09-07,.
2020-09-08,0.15
2020-09-09,0.14
2020-09-10,0.15
2020-09-11,0.13
2020-09-14,0.14
2020-09-15,0.13
2020-09-16,0.12
2020-09-17,0.12
2020-09-18,0.13
2020-09-21,0.12
2020-09-22,0.12
2020-09-23,0.13
2020-09-24,0.12
2020-09-25,0.12
2020-09-28,0.12
2020-09-29,0.12
2020-09-30,0.12
2020-10-01,0.12
2020-10-02,0.12
2020-10-05,0.12
2020-10-06,0.14
2020-10-07,0.13
2020-10-08,0.13
2020-10-09,0.15
2020-10-12,.
2020-10-13,0.13
2020-10-14,0.13
2020-10-15,0.12
2020-10-16,0.12
2020-10-19,0.13
2020-10-20,0.13
2020-10-21,0.13
2020-10-22,0.13
2020-10-23,0.12
2020-10-26,0.12
2020-10-27,0.12
2020-10-28,0.12
2020-10-29,0.12
2020-10-30,0.13
2020-11-02,0.13
2020-11-03,0.14
2020-11-04,0.12
2020-11-05,0.12
2020-11-06,0.12
2020-11-09,0.12
2020-11-10,0.12
2020-11-11,.
2020-11-12,0.13
2020-11-13,0.12
2020-11-16,0.12
2020-11-17,0.12
2020-11-18,0.11
2020-11-19,0.11
2020-11-20,0.11
2020-11-23,0.10
2020-11-24,0.11
2020-11-25,0.11
